region_zh,region_en
台北市,TAIPEI CITY
台北市,TAIPEI CITY
台北市,TAIPEI CITY
台北市,TAIPEI CITY
台北市,TAIPEI CITY
台北市,TAIPEI CITY
台北市,TAIPEI CITY
台北市,TAIPEI CITY
台北市,TAIPEI CITY
台北市,TAIPEI CITY
台北市,TAIPEI CITY
基隆市,KEELUNG CITY
基隆市,KEELUNG CITY
基隆市,KEELUNG CITY
基隆市,KEELUNG CITY
基隆市,KEELUNG CITY
基隆市,KEELUNG CITY
基隆市,KEELUNG CITY
新北市,NEW TAIPEI CITY
新北市,NEW TAIPEI CITY
新北市,NEW TAIPEI CITY
新北市,NEW TAIPEI CITY
新北市,NEW TAIPEI CITY
新北市,NEW TAIPEI CITY
新北市,NEW TAIPEI CITY
新北市,NEW TAIPEI CITY
新北市,NEW TAIPEI CITY
新北市,NEW TAIPEI CITY
新北市,NEW TAIPEI CITY
新北市,NEW TAIPEI CITY
新北市,NEW TAIPEI CITY
新北市,NEW TAIPEI CITY
新北市,NEW TAIPEI CITY
新北市,NEW TAIPEI CITY
新北市,NEW TAIPEI CITY
新北市,NEW TAIPEI CITY
新北市,NEW TAIPEI CITY
新北市,NEW TAIPEI CITY
新北市,NEW TAIPEI CITY
新北市,NEW TAIPEI CITY
新北市,NEW TAIPEI CITY
新北市,NEW TAIPEI CITY
新北市,NEW TAIPEI CITY
新北市,NEW TAIPEI CITY
新北市,NEW TAIPEI CITY
新北市,NEW TAIPEI CITY
新北市,NEW TAIPEI CITY
宜蘭縣,YILAN COUNTY
宜蘭縣,YILAN COUNTY
宜蘭縣,YILAN COUNTY
宜蘭縣,YILAN COUNTY
宜蘭縣,YILAN COUNTY
宜蘭縣,YILAN COUNTY
宜蘭縣,YILAN COUNTY
宜蘭縣,YILAN COUNTY
宜蘭縣,YILAN COUNTY
宜蘭縣,YILAN COUNTY
宜蘭縣,YILAN COUNTY
宜蘭縣,YILAN COUNTY
新竹市,HSINCHU CITY
新竹市,HSINCHU CITY
新竹市,HSINCHU CITY
新竹縣,HSINCHU COUNTY
新竹縣,HSINCHU COUNTY
新竹縣,HSINCHU COUNTY
新竹縣,HSINCHU COUNTY
新竹縣,HSINCHU COUNTY
新竹縣,HSINCHU COUNTY
新竹縣,HSINCHU COUNTY
新竹縣,HSINCHU COUNTY
新竹縣,HSINCHU COUNTY
新竹縣,HSINCHU COUNTY
新竹縣,HSINCHU COUNTY
新竹縣,HSINCHU COUNTY
新竹縣,HSINCHU COUNTY
桃園市,TAOYUAN CITY
桃園市,TAOYUAN CITY
桃園市,TAOYUAN CITY
桃園市,TAOYUAN CITY CITY
桃園市,TAOYUAN CITY
桃園市,TAOYUAN CITY
桃園市,TAOYUAN CITY
桃園市,TAOYUAN CITY
桃園市,TAOYUAN CITY
桃園市,TAOYUAN CITY
桃園市,TAOYUAN CITY
桃園市,TAOYUAN CITY
桃園市,TAOYUAN CITY
苗栗縣,MIAOLI COUNTY
苗栗縣,MIAOLI COUNTY
苗栗縣,MIAOLI COUNTY
苗栗縣,MIAOLI COUNTY
苗栗縣,MIAOLI COUNTY
苗栗縣,MIAOLI COUNTY
苗栗縣,MIAOLI COUNTY
苗栗縣,MIAOLI COUNTY
苗栗縣,MIAOLI COUNTY
苗栗縣,MIAOLI COUNTY
苗栗縣,MIAOLI COUNTY
苗栗縣,MIAOLI COUNTY
苗栗縣,MIAOLI COUNTY
苗栗縣,MIAOLI COUNTY
苗栗縣,MIAOLI COUNTY
苗栗縣,MIAOLI COUNTY
苗栗縣,MIAOLI COUNTY
苗栗縣,MIAOLI COUNTY
台中市,TAICHUNG CITY
台中市,TAICHUNG CITY
台中市,TAICHUNG CITY
台中市,TAICHUNG CITY
台中市,TAICHUNG CITY
台中市,TAICHUNG CITY
台中市,TAICHUNG CITY
台中市,TAICHUNG CITY
台中市,TAICHUNG CITY
台中市,TAICHUNG CITY
台中市,TAICHUNG CITY
台中市,TAICHUNG CITY
台中市,TAICHUNG CITY
台中市,TAICHUNG CITY
台中市,TAICHUNG CITY
台中市,TAICHUNG CITY
台中市,TAICHUNG CITY
台中市,TAICHUNG CITY
台中市,TAICHUNG CITY
台中市,TAICHUNG CITY
台中市,TAICHUNG CITY
台中市,TAICHUNG CITY
台中市,TAICHUNG CITY
台中市,TAICHUNG CITY
台中市,TAICHUNG CITY
台中市,TAICHUNG CITY
台中市,TAICHUNG CITY
台中市,TAICHUNG CITY
台中市,TAICHUNG CITY
彰化縣,CHANGHUA COUNTY
彰化縣,CHANGHUA COUNTY
彰化縣,CHANGHUA COUNTY
彰化縣,CHANGHUA COUNTY
彰化縣,CHANGHUA COUNTY
彰化縣,CHANGHUA COUNTY
彰化縣,CHANGHUA COUNTY
彰化縣,CHANGHUA COUNTY
彰化縣,CHANGHUA COUNTY
彰化縣,CHANGHUA COUNTY
彰化縣,CHANGHUA COUNTY
彰化縣,CHANGHUA COUNTY
彰化縣,CHANGHUA COUNTY
彰化縣,CHANGHUA COUNTY
彰化縣,CHANGHUA COUNTY
彰化縣,CHANGHUA COUNTY
彰化縣,CHANGHUA COUNTY
彰化縣,CHANGHUA COUNTY
彰化縣,CHANGHUA COUNTY
彰化縣,CHANGHUA COUNTY
彰化縣,CHANGHUA COUNTY
彰化縣,CHANGHUA COUNTY
彰化縣,CHANGHUA COUNTY
彰化縣,CHANGHUA COUNTY
彰化縣,CHANGHUA COUNTY
彰化縣,CHANGHUA COUNTY
南投縣,NANTOU COUNTY
南投縣,NANTOU COUNTY
南投縣,NANTOU COUNTY
南投縣,NANTOU COUNTY
南投縣,NANTOU COUNTY
南投縣,NANTOU COUNTY
南投縣,NANTOU COUNTY
南投縣,NANTOU COUNTY
南投縣,NANTOU COUNTY
南投縣,NANTOU COUNTY
南投縣,NANTOU COUNTY
南投縣,NANTOU COUNTY
南投縣,NANTOU COUNTY
嘉義市,CHIAYI CITY
嘉義市,CHIAYI CITY
嘉義縣,CHIAYI COUNTY
嘉義縣,CHIAYI COUNTY
嘉義縣,CHIAYI COUNTY
嘉義縣,CHIAYI COUNTY
嘉義縣,CHIAYI COUNTY
嘉義縣,CHIAYI COUNTY
嘉義縣,CHIAYI COUNTY
嘉義縣,CHIAYI COUNTY
嘉義縣,CHIAYI COUNTY
嘉義縣,CHIAYI COUNTY
嘉義縣,CHIAYI COUNTY
嘉義縣,CHIAYI COUNTY
嘉義縣,CHIAYI COUNTY
嘉義縣,CHIAYI COUNTY
嘉義縣,CHIAYI COUNTY
嘉義縣,CHIAYI COUNTY
嘉義縣,CHIAYI COUNTY
嘉義縣,CHIAYI COUNTY
雲林縣,YUNLIN COUNTY
雲林縣,YUNLIN COUNTY
雲林縣,YUNLIN COUNTY
雲林縣,YUNLIN COUNTY
雲林縣,YUNLIN COUNTY
雲林縣,YUNLIN COUNTY
雲林縣,YUNLIN COUNTY
雲林縣,YUNLIN COUNTY
雲林縣,YUNLIN COUNTY
雲林縣,YUNLIN COUNTY
雲林縣,YUNLIN COUNTY
雲林縣,YUNLIN COUNTY
雲林縣,YUNLIN COUNTY
雲林縣,YUNLIN COUNTY
雲林縣,YUNLIN COUNTY
雲林縣,YUNLIN COUNTY
雲林縣,YUNLIN COUNTY
雲林縣,YUNLIN COUNTY
雲林縣,YUNLIN COUNTY
雲林縣,YUNLIN COUNTY
台南市,TAINAN CITY
台南市,TAINAN CITY
台南市,TAINAN CITY
台南市,TAINAN CITY
台南市,TAINAN CITY
台南市,TAINAN CITY
台南市,TAINAN CITY
台南市,TAINAN CITY
台南市,TAINAN CITY
台南市,TAINAN CITY
台南市,TAINAN CITY
台南市,TAINAN CITY
台南市,TAINAN CITY
台南市,TAINAN CITY
台南市,TAINAN CITY
台南市,TAINAN CITY
台南市,TAINAN CITY
台南市,TAINAN CITY
台南市,TAINAN CITY
台南市,TAINAN CITY
台南市,TAINAN CITY
台南市,TAINAN CITY
台南市,TAINAN CITY
台南市,TAINAN CITY
台南市,TAINAN CITY
台南市,TAINAN CITY
台南市,TAINAN CITY
台南市,TAINAN CITY
台南市,TAINAN CITY
台南市,TAINAN CITY
台南市,TAINAN CITY
台南市,TAINAN CITY
台南市,TAINAN CITY
台南市,TAINAN CITY
台南市,TAINAN CITY
台南市,TAINAN CITY
台南市,TAINAN CITY
高雄市,KAOHSIUNG CITY
高雄市,KAOHSIUNG CITY
高雄市,KAOHSIUNG CITY
高雄市,KAOHSIUNG CITY
高雄市,KAOHSIUNG CITY
高雄市,KAOHSIUNG CITY
高雄市,KAOHSIUNG CITY
高雄市,KAOHSIUNG CITY
高雄市,KAOHSIUNG CITY
高雄市,KAOHSIUNG CITY
高雄市,KAOHSIUNG CITY
高雄市,KAOHSIUNG CITY
高雄市,KAOHSIUNG CITY
高雄市,KAOHSIUNG CITY
高雄市,KAOHSIUNG CITY
高雄市,KAOHSIUNG CITY
高雄市,KAOHSIUNG CITY
高雄市,KAOHSIUNG CITY
高雄市,KAOHSIUNG CITY
高雄市,KAOHSIUNG CITY
高雄市,KAOHSIUNG CITY
高雄市,KAOHSIUNG CITY
高雄市,KAOHSIUNG CITY
高雄市,KAOHSIUNG CITY
高雄市,KAOHSIUNG CITY
高雄市,KAOHSIUNG CITY
高雄市,KAOHSIUNG CITY
高雄市,KAOHSIUNG CITY
高雄市,KAOHSIUNG CITY
高雄市,KAOHSIUNG CITY
高雄市,KAOHSIUNG CITY
高雄市,KAOHSIUNG CITY
高雄市,KAOHSIUNG CITY
高雄市,KAOHSIUNG CITY
高雄市,KAOHSIUNG CITY
高雄市,KAOHSIUNG CITY
高雄市,KAOHSIUNG CITY
高雄市,KAOHSIUNG CITY
屏東縣,PINGTUNG COUNTY
屏東縣,PINGTUNG COUNTY
屏東縣,PINGTUNG COUNTY
屏東縣,PINGTUNG COUNTY
屏東縣,PINGTUNG COUNTY
屏東縣,PINGTUNG COUNTY
屏東縣,PINGTUNG COUNTY
屏東縣,PINGTUNG COUNTY
屏東縣,PINGTUNG COUNTY
屏東縣,PINGTUNG COUNTY
屏東縣,PINGTUNG COUNTY
屏東縣,PINGTUNG COUNTY
屏東縣,PINGTUNG COUNTY
屏東縣,PINGTUNG COUNTY
屏東縣,PINGTUNG COUNTY
屏東縣,PINGTUNG COUNTY
屏東縣,PINGTUNG COUNTY
屏東縣,PINGTUNG COUNTY
屏東縣,PINGTUNG COUNTY
屏東縣,PINGTUNG COUNTY
屏東縣,PINGTUNG COUNTY
屏東縣,PINGTUNG COUNTY
屏東縣,PINGTUNG COUNTY
屏東縣,PINGTUNG COUNTY
屏東縣,PINGTUNG COUNTY
屏東縣,PINGTUNG COUNTY
屏東縣,PINGTUNG COUNTY
屏東縣,PINGTUNG COUNTY
屏東縣,PINGTUNG COUNTY
屏東縣,PINGTUNG COUNTY
屏東縣,PINGTUNG COUNTY
屏東縣,PINGTUNG COUNTY
屏東縣,PINGTUNG COUNTY
台東縣,TAITUNG COUNTY
台東縣,TAITUNG COUNTY
台東縣,TAITUNG COUNTY
台東縣,TAITUNG COUNTY
台東縣,TAITUNG COUNTY
台東縣,TAITUNG COUNTY
台東縣,TAITUNG COUNTY
台東縣,TAITUNG COUNTY
台東縣,TAITUNG COUNTY
台東縣,TAITUNG COUNTY
台東縣,TAITUNG COUNTY
台東縣,TAITUNG COUNTY
台東縣,TAITUNG COUNTY
台東縣,TAITUNG COUNTY
花蓮縣,HUALIEN COUNTY
花蓮縣,HUALIEN COUNTY
花蓮縣,HUALIEN COUNTY
花蓮縣,HUALIEN COUNTY
花蓮縣,HUALIEN COUNTY
花蓮縣,HUALIEN COUNTY
花蓮縣,HUALIEN COUNTY
花蓮縣,HUALIEN COUNTY
花蓮縣,HUALIEN COUNTY
花蓮縣,HUALIEN COUNTY
花蓮縣,HUALIEN COUNTY
花蓮縣,HUALIEN COUNTY
花蓮縣,HUALIEN COUNTY
